,Packet,Voltage Mag,Voltage Angle,Current Mag,Current Angle
2022,2022,48349.7265625,-188340.5,-5505.44873046875,-2026.90185546875
2023,2023,47630.88671875,-190392.1875,-5352.47900390625,-1590.5816650390625
2024,2024,,,,
2025,2025,48552.42578125,-183295.671875,-5548.1318359375,-3104.156494140625
2026,2026,47525.265625,-191171.78125,-5330.03173828125,-1424.4716796875
2027,2027,,,,
2028,2028,48984.52734375,-190552.015625,-5640.5,-1556.4725341796875
2029,2029,48796.9765625,-190214.90625,-5600.626953125,-1627.922607421875
